,review,clear_review,predicted,candidat
0,Bâtissons la première coalition des droites et des patriotes Notre coalition nest pas une option elle est une nécessité Elle est un devoir Nous avons un pays à reconquérir Lunion fait la force Notre coalition doit faire la FranceUnionNationale presidentielles2022,bât premi coalit droit patriot coalit nest option nécess devoir pay reconquer lunion fait forc coalit doit fair franceunionnational presidentielles2022,0,None
95,Chaque jour notre pays connaît ce genre de tragédies 1800 agressions par jour dans notre pays  Nous ne pouvons plus les cacher nous devons en parler nous nacceptons plus lomerta ZemmourJeunes JeVoteZemmourLe10avrilhttpstcoeCs4TCZb3f,chaqu jour pay connaît genr traged 1800 agress jour pay pouvon plus cach devon parl naccepton plus lomert zemmourjeun jevotezemmourle10avrilhttpstcoecs4tczb3f,1,None
96,Je me souviens dArthur cet étudiant grenoblois qui me racontait que presque tous les jours il se faisait agresser sur le chemin de luniversité et agresser pour rien  Cela me révolteZemmourJeunes JeVoteZemmourLe10avrilhttpstcoYle5tk08mJ,souvien darthur cet étudi grenoblois racont presqu tous jour fais agress chemin lunivers agress rien cel révoltezemmourjeun jevotezemmourle10avrilhttpstcoyle5tk08mj,0,None
97,Mes chers amis je veux vous demander aussi ce soir dexiger toute votre vie le respect de votre identité le respect de votre pays et la protection de votre sécuritéZemmourJeunes JeVoteZemmourLe10avrilhttpstcozltDZNiqAj,cher amis veux demand auss soir dexig tout vi respect ident respect pay protect sécuritézemmourjeun jevotezemmourle10avrilhttpstcozltdzniqaj,1,None
98,Mes chers amis je veux vous demander aussi ce soir dexiger toute votre vie le respect de votre identité le respect de votre pays et la protection de votre sécurité ZemmourJeunes JeVoteZemmourLe10avrilhttpstcozltDZNiqAj,cher amis veux demand auss soir dexig tout vi respect ident respect pay protect sécur zemmourjeun jevotezemmourle10avrilhttpstcozltdzniqaj,1,None
99,Et je veux faire signe aux jeunes Français des territoires et départements doutremer Dimanche il ny aura quune seule France une seule nation un seul peuple ZemmourJeunes JeVoteZemmourLe10avrilhttpstcoa14yaBWpqN,veux fair sign jeun franc territoir départ doutrem dimanch ny quun seul franc seul nation seul peupl zemmourjeun jevotezemmourle10avrilhttpstcoa14yabwpqn,0,None
100,Notre pays compte 9 millions de pauvres et cest 9 millions de trop Et parmi ces 9 millions il y a beaucoup détudiants Beaucoup trop détudiantsZemmourJeunes JeVoteZemmourLe10avrilhttpstcoAoS0i5ZXy8,pay compt 9 million pauvr cest 9 million trop parm 9 million a beaucoup détudi beaucoup trop détudiantszemmourjeun jevotezemmourle10avrilhttpstcoaos0i5zxy8,0,None
94,À la mémoire de Jérémie à la mémoire de votre frère à la mémoire de cet enfant innocent je vous demande sil vous plaît de vous lever et de respecter une minute de silenceZemmourJeunes JeVoteZemmourLe10avrilhttpstcoFWcrZ8MObS,mémoir jérem mémoir frer mémoir cet enfant innocent demand sil plaît lev respect minut silencezemmourjeun jevotezemmourle10avrilhttpstcofwcrz8mob,0,None
101,Battezvous  Exigez la prospérité  Car si vous ne lexigez pas dimanche dans lisoloir elle ne viendra jamais Moi je vous dis quimpossible nest pas français ZemmourJeunes JeVoteZemmourLe10avrilhttpstco3cN3SrI7cA,battezvous exig prosper car si lexig dimanch lisoloir viendr jam dis quimpossibl nest franc zemmourjeun jevotezemmourle10avrilhttpstco3cn3sri7c,0,None
103,Je veux remercier féliciter et applaudir Génération Z  stanislasrig la France est fière de toi et comme tous les militants de Génération Z te ressemblent la France est fière de vous tousZemmourJeunes JeVoteZemmourLe10avrilhttpstco6BjUeNIcsF,veux remerci félicit applaud géner z stanislasrig franc fier comm tous milit géner z ressemblent franc fier touszemmourjeun jevotezemmourle10avrilhttpstco6bjuenicsf,0,None
104,Parce que la France est en danger parce que nous le savons parce que le pays que nous préparons vous y vivrez et vous le ferez vivre chaque mot compte et toutes les vérités doivent être ditesZemmourJeunes JeVoteZemmourLe10avrilhttpstcosUEEy0V1QA,parc franc dang parc savon parc pay préparon vivr fer vivr chaqu mot compt tout vérit doivent être diteszemmourjeun jevotezemmourle10avrilhttpstcosueey0v1q,1,None
105,Jeunesse française vous êtes la figure de proue de notre mouvement vous êtes la boussole de la Reconquête vous êtes létoile qui nous sert de repère dans la nuit politiqueZemmourJeunes JeVoteZemmourLe10avrilhttpstcoDzYIcuYGCP,jeuness français figur prou mouv boussol reconquêt létoil sert reper nuit politiquezemmourjeun jevotezemmourle10avrilhttpstcodzyicuygcp,0,None
106,Jeunesse française vous êtes notre force qui va  Vous êtes ceux qui se rient des sondages parce que vous savez que seule importe la foi Vous êtes la preuve quimpossible nest pas français Merci à vous dexister ZemmourJeunes JeVoteZemmourLe10avrilhttpstcoGBLQoS95Jx,jeuness français forc va ceux rient sondag parc sav seul import foi preuv quimpossibl nest franc merc dexist zemmourjeun jevotezemmourle10avrilhttpstcogblqos95jx,1,None
107,Quel incroyable moment  Merci à cette jeunesse française ZemmourJeunes JeVoteZemmourLe10avrilhttpstco0rcjqSozWl,quel incroi moment merc cet jeuness français zemmourjeun jevotezemmourle10avrilhttpstco0rcjqsozwl,1,None
108,Je suis bientôt en direct au meeting de la jeunesse   httpstcoBKa3f4EaAiJeVoteZemmourLe10avril ZemmourJeunes,bientôt direct meeting jeuness httpstcobka3f4eaaijevotezemmourle10avril zemmourjeun,0,None
102,Tout mon soutien Aucun peuple ne doit subir cela httpstcoYJSKbaP3EF,tout soutien aucun peupl doit sub cel httpstcoyjskbap3ef,1,None
93,Vous êtes ceux qui ont le plus souffert de la politique sanitaire le plus souvent de manière injuste et cruelle et le pouvoir a méprisé votre souffrance ZemmourJeunes JeVoteZemmourLe10avrilhttpstcoB0tGeqECc2,ceux plus souffert polit sanitair plus souvent mani injust cruel pouvoir a mépris souffranc zemmourjeun jevotezemmourle10avrilhttpstcob0tgeqecc2,1,None
92,Après tout ce que lÉducation nationale vous a fait subir cest un miracle que vous soyez là  Honneur à vous Vous avez résisté à la propagande Quelle force de conviction quel esprit critique ZemmourJeunes JeVoteZemmourLe10avrilhttpstcohNqsXC0SEQ,apres tout léduc national a fait sub cest miracl là honneur résist propagand quel forc convict quel esprit critiqu zemmourjeun jevotezemmourle10avrilhttpstcohnqsxc0seq,0,None
91,La vraie écologie est française Elle est dans la beauté de nos paysages et de nos villages La vraie écologie cest nous et nous sommes mille fois plus écologistes que les prétendus écologistesZemmourJeunes JeVoteZemmourLe10avrilhttpstco9JPqzwZUkL,vrai écolog français beaut paysag villag vrai écolog cest mill fois plus écolog prétendus écologisteszemmourjeun jevotezemmourle10avrilhttpstco9jpqzwzukl,1,None
76,Je serai au second tour  Voir et revoir mon intervention dans Elysee2022 sur YouTube  httpstcoaaE0yfWjh9MacronDehorsDesLePremierTour JeVoteZemmourLe10avril httpstcoTgc3uwNCkP,second tour voir revoir intervent elysee2022 youtub httpstcoaae0yfwjh9macrondehorsdeslepremiertour jevotezemmourle10avril httpstcotgc3uwnckp,1,None
77,Quelle belle marseillaise JeFaisMentirLesSondages JeVoteZemmourLe10avrilhttpstco1OjGUEZLE3,quel bel marseillais jefaismentirlessondag jevotezemmourle10avrilhttpstco1ojguezle3,1,None
155,Le père de Jérémie Cohen témoigneÉcoutez son témoignage sur YouTube  httpstcoylC2dT768cJeremyCohen httpstconhXJX4K5V3,per jérem cohen témoigneécout témoignag youtub httpstcoylc2dt768cjeremycohen httpstconhxjx4k5v3,1,None
79,Revivez mon meeting dhier soir au Palais des Sports 5 500 jeunes du plus grand mouvement de France  Quelle fougue  Quelle ferveur  Lavenir est chez Reconquête Merci   httpstcodrcfVi4BDZJeFaisMentirLesSondages JeVoteZemmourLe10avril httpstcowm4CzpGkuY,reviv meeting dhi soir pal sport 5 500 jeun plus grand mouv franc quel fougu quel ferveur laven chez reconquêt merc httpstcodrcfvi4bdzjefaismentirlessondag jevotezemmourle10avril httpstcowm4czpgkuy,1,None
80,Les Français qui me suivent voteront pour le seul qui veut sauver la France Nos enfants nous regardent Ce sont eux qui vivront dans la France que nous leur laisseronsJeFaisMentirLesSondages JeVoteZemmourLe10avril Elections2022httpstco2EicIofhxe,franc suivent vot seul veut sauv franc enfant regardent vivront franc laisseronsjefaismentirlessondag jevotezemmourle10avril elections2022httpstco2eiciofhx,0,None
81,Jenfermerai les délinquants avec des peines plancher je renverrai les délinquants étrangers et je déchoirai de leur nationalité les binationaux délinquants et criminelsJeFaisMentirLesSondages JeVoteZemmourLe10avril Elections2022httpstcoPy5WwusazZ,jenferm délinqu pein planch renverr délinqu étranger déchoir national binational délinqu criminelsjefaismentirlessondag jevotezemmourle10avril elections2022httpstcopy5wwusazz,0,None
82,Mon meeting pour les jeunes a de quoi démentir tous vos sondages Avezvous vu la ferveur et lenthousiasme de ces 5 500 jeunes  Personne dautre ne fait ça JeFaisMentirLesSondages JeVoteZemmourLe10avril Elections2022httpstco0C2uKNX9l6,meeting jeun a quoi dément tous sondag avezvous vu ferveur lenthousiasm 5 500 jeun person dautr fait ça jefaismentirlessondag jevotezemmourle10avril elections2022httpstco0c2uknx9l6,0,None
83,Je dis la vérité Je ne suis ni un politicien ni un tacticien Je veux montrer aux électeurs la véritéJeFaisMentirLesSondages JeVoteZemmourLe10avril Elections2022httpstcoxrv7O9ZmBd,dis vérit ni politicien ni tacticien veux montr électeur véritéjefaismentirlessondag jevotezemmourle10avril elections2022httpstcoxrv7o9zmbd,1,None
84,Quand je dis quil faut sauver la France du Grand remplacement JeanLuc Mélenchon veut lislamisation du pays Mme Le Pen veut sallier avec lui Pas moiJeFaisMentirLesSondages JeVoteZemmourLe10avril Elections2022httpstco38bDyeQTlW,quand dis quil faut sauv franc grand remplac jeanluc mélenchon veut lislamis pay mme pen veut salli moijefaismentirlessondag jevotezemmourle10avril elections2022httpstco38bdyeqtlw,0,None
85,Les sondages se sont toujours trompés depuis 1995 Il ne faut pas les croire Lintelligence artificielle qui avait prédit la victoire de Trump me donne au 2nd tourJeFaisMentirLesSondages JeVoteZemmourLe10avril Elections2022httpstcoTXk3fzONMb,sondag toujour tromp depuis 1995 faut croir lintelligent artificiel pred victoir trump don 2nd tourjefaismentirlessondag jevotezemmourle10avril elections2022httpstcotxk3fzonmb,0,None
86,Quand on lui demande avec qui elle compte sallier Marine Le Pen répond les souverainistes de gauche En vérité elle rêve de sallier avec JeanLuc Mélenchon JeFaisMentirLesSondages JeVoteZemmourLe10avril Elections2022httpstcovH5Xv1RA76,quand demand compt salli marin pen répond souverain gauch vérit rêv salli jeanluc mélenchon jefaismentirlessondag jevotezemmourle10avril elections2022httpstcovh5xv1ra76,0,None
87,Je suis venu dire aux Français que la France doit rester la France Si nous narrêtons pas cette vague migratoire inouïe la France ne sera plus la FranceJeFaisMentirLesSondages JeVoteZemmourLe10avril Elections2022httpstco88pcRAK7rf,venu dir franc franc doit rest franc si narrêton cet vagu migratoir inouï franc plus francejefaismentirlessondag jevotezemmourle10avril elections2022httpstco88pcrak7rf,0,None
88,Rendezvous demain 8h30 sur Cnews LaMatinale JeVoteZemmourLe10avril httpstcoKWZGEanPlB,rendezvous demain 8h30 cnew lamatinal jevotezemmourle10avril httpstcokwzgeanplb,0,None
89,La paix il faut la vouloir Il faut la gagner Il faut larracher à la fatalité qui veut la détruire Il faut laimer pardessus tout Nous aurons gagné quand la France sera enfin en paix ZemmourJeunes JeVoteZemmourLe10avrilhttpstcovRfHGAYAt4,paix faut vouloir faut gagn faut larrach fatal veut détruir faut laim pardessus tout gagn quand franc enfin paix zemmourjeun jevotezemmourle10avrilhttpstcovrfhgayat4,0,None
90,À trois jours du 1er tour il est temps pour nous armés de ces vérités de dire quelle France nous voulons quelle France vous avez le droit dexiger Quelle France est au bout de notre victoireZemmourJeunes JeVoteZemmourLe10avrilhttpstcolEDJ5aloo5,trois jour 1er tour temp armé vérit dir quel franc voulon quel franc droit dexig quel franc bout victoirezemmourjeun jevotezemmourle10avrilhttpstcoledj5aloo5,0,None
109,Jarrive  JeVoteZemmourLe10avril ZemmourJeunes httpstcoIWQRHVT0QU,jarriv jevotezemmourle10avril zemmourjeun httpstcoiwqrhvt0qu,0,None
110,Avec vous dans votre combat chère Isabelle  httpstcoa0sO93OSyO,combat cher isabel httpstcoa0so93osyo,0,None
111,Suivez mon dernier meeting avant le premier tour  Regardez le direct sur YouTube  httpstcoBKa3f4EaAiZemmourJeunes JeVoteZemmourLe10avril httpstcoGfTSUNcU91,suiv derni meeting avant premi tour regard direct youtub httpstcobka3f4eaaizemmourjeun jevotezemmourle10avril httpstcogftsuncu91,0,None
112, Pour dimanche  au bureau de vote votre pièce didentité suffit Vous nêtes pas obligés davoir votre carte délecteur Allez voter et partagez JeVoteZemmourLe10avril Presidentielles2022,dimanch bureau vot piec dident suff nêt oblig davoir cart délecteur allez vot partag jevotezemmourle10avril presidentielles2022,0,None
137,Les méthodes des sondeurs ont changé Beaucoup de mes électeurs témoignent du fait quils ne disent pas quils vont voter pour moi Il y a un vote caché et il apparaîtra dimanche soirJeVoteZemmourLe10avril JeremyCohenhttpstcouhTnWHtbxc,méthod sondeur chang beaucoup électeur témoignent fait quil disent quil vont vot a vot cach apparaîtr dimanch soirjevotezemmourle10avril jeremycohenhttpstcouhtnwhtbxc,0,None
138,Je suis resté le même Jai toujours fait de la politique Ce qui est nouveau cest la campagne avec cet enthousiasme cette ferveur ces Français qui me disent  sauveznous JeVoteZemmourLe10avril JeremyCohenhttpstcos46RAvE8Go,rest jai toujour fait polit nouveau cest campagn cet enthousiasm cet ferveur franc disent sauveznous jevotezemmourle10avril jeremycohenhttpstcos46rave8go,0,None
140,Les sondages façonnent lopinion et il faut répéter aux Français quils se trompent Il ny a pas de vote utile mais un vote vital  le mien pour que la France reste la FranceJeVoteZemmourLe10avril JeremyCohenhttpstcoM7Z05MG5pz,sondag façonnent lopinion faut répet franc quil trompent ny a vot util vot vital mien franc rest francejevotezemmourle10avril jeremycohenhttpstcom7z05mg5pz,0,None
142,Les sondages ne correspondent pas à la réalité politique du pays Ils se sont toujours trompés depuis 1995 Labstention fausse leurs repères Ils sont perdus et redressent toujours Marine Le PenJeVoteZemmourLe10avril JeremyCohenhttpstcoUU8q0RBm0f,sondag correspondent réalit polit pay toujour tromp depuis 1995 labstent fauss leur reper perdus redressent toujour marin penjevotezemmourle10avril jeremycohenhttpstcouu8q0rbm0f,1,None
143,66  des Français pensent le contraire Ils ont loccasion dagir en choisissant mon vote dès dimancheJeVoteZemmourLe10avril httpstco5FviHVLjRJ,66 franc pensent contrair loccas dag chois vot des dimanchejevotezemmourle10avril httpstco5fvihvljrj,0,None
144,Ce soir dans les Incorrectibles je rencontre avec émotion le père de Jérémie Cohen À travers cette rencontre je veux lever lomerta sur les agressions quotidiennes que vivent les Français Regardez la vidéo sur YouTube  httpstcoddWfsJ1cuqJeremyCohen httpstco2m7OGaRYQF,soir incorrectibl rencontr émot per jérem cohen traver cet rencontr veux lev lomert agress quotidien vivent franc regard vidéo youtub httpstcoddwfsj1cuqjeremycohen httpstco2m7ogaryqf,1,None
145,Je boirai un verre à la santé des sondages  httpstcoWwrQ4Y8cSv,boir verr sant sondag httpstcowwrq4y8csv,0,None
146,Rejoignezmoi maintenant en Space sur Twitter httpstco4OWDhqRKfvJeVoteZemmourLe10avril,rejoignezmoi mainten spac twitt httpstco4owdhqrkfvjevotezemmourle10avril,0,None
147,Je mènerai la réconciliation des droites Je tends la main à ceux qui ont annoncé appeler à voter pour moi au 2nd tour comme Ciotti et Bellamy Aucun élu LR nappellera à voter Le PenJeVoteZemmourLe10avril MacronDehorsDèsLePremierTourhttpstcomIMtfqgqVg,men réconcili droit tend main ceux annonc appel vot 2nd tour comm ciott bellamy aucun élu lr nappel vot penjevotezemmourle10avril macrondehorsdèslepremiertourhttpstcomimtfqgqvg,0,None
148,Depuis que jai parlé de la tragédie de JeremyCohen je reçois des dizaines de messages de familles de victimes qui me disent leur révolte devant lattitude de lEtat devant les criminels toujours en liberté devant lomerta parfois Je me bats pour vous,depuis jai parl traged jeremycohen reçois dizain messag famill victim disent révolt dev lattitud letat dev criminel toujour libert dev lomert parfois bat,1,None
149,Madame la socialiste du 18ème arrondissement jai vécu dans le 18ème rue Doudeauville à une époque où vos amis navaient pas encore détruit la beauté et la quiétude qui y régnaientJeVoteZemmourLe10avril httpstco2JbflyleOk,madam social 18em arrond jai vécu 18em ru doudeauvill époqu où amis nav encor détruit beaut quiétud régnaientjevotezemmourle10avril httpstco2jbflyleok,1,None
150,Il y a une rencontre entre ce que je dis et ce que vivent les Français depuis des années Des Français me disent  vous êtes le candidat que jattendais depuis 40 ans MacronDehorsDesLePremierTour presidentielles2022httpstcowSn8keje8c,a rencontr entre dis vivent franc depuis anné franc disent candidat jattend depuis 40 an macrondehorsdeslepremiertour presidentielles2022httpstcowsn8keje8c,1,None
151,Au Trocadéro il y avait un enthousiasme incroyable 100 000 personnes une ferveur une chaleur Ce meeting est lévénement de cette campagne personne na fait mieuxMacronDehorsDesLePremierTour presidentielles2022httpstco0WSDOPb1z3,trocadéro enthousiasm incroi 100 000 person ferveur chaleur meeting léven cet campagn person na fait mieuxmacrondehorsdeslepremiertour presidentielles2022httpstco0wsdopb1z3,1,None
153,Pour être un bon Président il faut du courage une vision qui se fonde sur une connaissance de lHistoire de France et la proximité charnelle avec la France ses habitantsJeVoteZemmourLe10avril MacronDehorsDesLePremierTourhttpstcoegi4v5aU8Q,être bon président faut courag vision fond connaiss lhistoir franc proxim charnel franc habitantsjevotezemmourle10avril macrondehorsdeslepremiertourhttpstcoegi4v5au8q,1,None
154,On nous accuse de violence alors quelle est contre nous  les antifas les militants GZ ou de ma campagne qui se font agresser par des types dextrême gaucheJeVoteZemmourLe10avril MacronDehorsDesLePremierTourhttpstcoTHziYHqwiC,accus violenc alor quel contr antif milit gz campagn font agress typ dextrêm gauchejevotezemmourle10avril macrondehorsdeslepremiertourhttpstcothziyhqwic,0,None
136,Pour le pouvoir dachat des classes moyennes je propose une grande politique familiale qui repose sur luniversalité des allocations familiales et sur le doublement du quotient familial JeVoteZemmourLe10avril JeremyCohenhttpstcosMS5QmpjUm,pouvoir dachat class moyen propos grand polit familial repos luniversal alloc familial doubl quotient familial jevotezemmourle10avril jeremycohenhttpstcosms5qmpjum,1,None
75,Soyez au rendezvous pour le ZemmourLive dès 17h30 sur YouTube 20 acteurs de la campagne répondront à vos questionsJeVoteZemmourLe10avril JeFaisMentirLesSondages httpstcoRdRatE0sLJ,rendezvous zemmourl des 17h30 youtub 20 acteur campagn répondront questionsjevotezemmourle10avril jefaismentirlessondag httpstcordrate0slj,0,None
133,Les médias ne veulent pas quon parle dimmigration et quand on le fait ils le font payer très cher Pendant toute cette campagne je me suis battu pour quon parle dimmigration JeVoteZemmourLe10avril JeremyCohenhttpstcot3yJ3rWfCz,médi veulent quon parl dimmigr quand fait font pai tres cher pend tout cet campagn battu quon parl dimmigr jevotezemmourle10avril jeremycohenhttpstcot3yj3rwfcz,0,None
131,À demain 7h45 sur Radio Courtoisie JeVoteZemmourLe10avril httpstco9kmLBRf4yS,demain 7h45 radio courtois jevotezemmourle10avril httpstco9kmlbrf4y,0,None
113,Jaimerais tellement vous aider davantage Merci à vous Madame Votre dignité dans lépreuve force le respect Hommage à JérémieJeremyCohen httpstcoqGkkQdeg1P,jaim tel aid davantag merc madam dignit lépreuv forc respect hommag jérémiejeremycohen httpstcoqgkkqdeg1p,1,None
114, Les sondages ne reflètent pas la réalité  Écoutez ce message de MarionMarechal Regardez la vidéo sur YouTube  httpstcobkqNlHPs6IJeVoteZemmourLe10avril Presidentielles2022 httpstcoABgk7zEOc4,sondag reflètent réalit écout messag marionmarechal regard vidéo youtub httpstcobkqnlhps6ijevotezemmourle10avril presidentielles2022 httpstcoabgk7zeoc4,1,None
115,Jinstaurerai la Défense Excusable JeVoteZemmourLe10avril Presidentielles2022 httpstcoQpnJZrktNF,jinstaur défens excus jevotezemmourle10avril presidentielles2022 httpstcoqpnjzrktnf,0,None
116,Nous le voulons tellement Nous le voulons depuis si longtemps Nous avons un devoir et le temps presse Il est minuit moins le quart  Rejoignez moi dans la Reconquête de notre pays  JeVoteZemmourLe10avril Presidentielles2022 httpstcofFkwMM5bn1,voulon tel voulon depuis si longtemp devoir temp press minuit moin quart rejoign reconquêt pay jevotezemmourle10avril presidentielles2022 httpstcoffkwmm5bn1,0,None
117,Nous allons mener un combat qui nous fera entrer dans lhistoire et je vous demande de maider  Ayez confiance en vous  Jai confiance en vous Je mènerai le combat à vos côtés  JeVoteZemmourLe10avril Presidentielles2022httpstco2gxwPpx2SD,allon men combat fer entrer lhistoir demand maid confianc jai confianc men combat côt jevotezemmourle10avril presidentielles2022httpstco2gxwppx2sd,1,None
118,Oui  Nous allons tout donner parce que rien ni personne ne nous empêchera décrire le destin de notre pays  Rien ni personne ne mempêchera de vous donner le courage et la foi dans cette bataille JeVoteZemmourLe10avril Presidentielles2022 httpstcogznwyukZgN,oui allon tout don parc rien ni person empêch décrir destin pay rien ni person mempêch don courag foi cet bataill jevotezemmourle10avril presidentielles2022 httpstcogznwyukzgn,1,None
119,Cette Marseillaise a fait vibrer la Tour EiffelJeVoteZemmourLe10avril Presidentielles2022 httpstco7LniW8aCyi,cet marseillais a fait vibr tour eiffeljevotezemmourle10avril presidentielles2022 httpstco7lniw8aci,0,None
122,Je baisserai le taux dimpôt sur les sociétés à 15  JeVoteZemmourLe10avril ZemmourLand httpstcoMKA7qGbkav,baiss taux dimpôt societ 15 jevotezemmourle10avril zemmourland httpstcomka7qgbkav,1,None
123,Une caution de 10 000 euros sera demandée pour lobtention dun visaJeVoteZemmourLe10avril ZemmourLand httpstcos12whpGvpD,caution 10 000 euros demand lobtent dun visajevotezemmourle10avril zemmourland httpstcos12whpgvpd,0,None
124,Je revaloriserai les petites retraitesJeVoteZemmourLe10avril ZemmourLand httpstcouqQt1Zs2ax,revaloris petit retraitesjevotezemmourle10avril zemmourland httpstcouqqt1zs2ax,0,None
126,Français épargnez la France dimanche   httpstcoh2eVdGfoWF,franc épargn franc dimanch httpstcoh2evdgfowf,0,None
127,À ce soir à Paris pour mon dernier meeting avant le 1er tour de la présidentielle Il sera consacré à la jeunesse Inscrivezvous pour ne pas manquer cet événement  httpstco1QXrgZChbdJe compte sur vous JeVoteZemmourLe10avril Zemmourland httpstcoGAiSqmWMqS,soir paris derni meeting avant 1er tour présidentiel consacr jeuness inscrivezvous manqu cet éven httpstco1qxrgzchbdj compt jevotezemmourle10avril zemmourland httpstcogaisqmwmq,0,None
128,Plus de 65000 délinquants de moins de 15 ans en 2019 Dans une société de plus en plus barbare quand on ne condamne pas les voyous la contagion gagne les plus jeunes Je mettrai fin à lexcuse de minoritéJeVoteZemmourLe10avril Zemmourland httpstcoSjdW8sD3oW,plus 65000 délinqu moin 15 an 2019 societ plus plus barbar quand condamn voyous contagion gagn plus jeun mettr fin lexcus minoritéjevotezemmourle10avril zemmourland httpstcosjdw8sd3ow,0,None
129,Jai trouvé scandaleux de renvoyer des hôpitaux les médecins et les soignants qui ne voulaient pas se faire vacciner Je les réintégreraiJeVoteZemmourLe10avril httpstcoV7b2dQAZxW,jai trouv scandal renvoi hôpital médecin soign voul fair vaccin réintégreraijevotezemmourle10avril httpstcov7b2dqazxw,0,None
130,Je créerai un patriescoreZemmourland JeVoteZemmourLe10avril httpstcoptxPpZUU9m,cré patriescorezemmourland jevotezemmourle10avril httpstcoptxppzuu9m,0,None
132,Toute religion doit être pratiquée dans la discrétion Il ne doit pas y avoir de voile dans la rue pas de prières de rue pas de mosquées monumentales En France la foi est intérioriséeJeVoteZemmourLe10avril JeremyCohenhttpstco1Pp7a7ednf,tout religion doit être pratiqu discret doit avoir voil ru prier ru mosqu monumental franc foi intérioriséejevotezemmourle10avril jeremycohenhttpstco1pp7a7ednf,1,None
74,Posezmoi vos questions maintenant sur ZemmourLive  httpstcofdLbAyP31r,posezmoi question mainten zemmourl httpstcofdlbayp31r,0,None
78,Parce que la jeunesse la plus mobilisée de France cest nous  Parce que la France réconciliée et prospère cest nous  LHistoire et lavenir cest nous  La Reconquête cest nous JeFaisMentirLesSondages JeVoteZemmourLe10avrilhttpstcoAY2OwoT31n,parc jeuness plus mobilis franc cest parc franc réconcili prosper cest lhistoir laven cest reconquêt cest jefaismentirlessondag jevotezemmourle10avrilhttpstcoay2owot31n,0,None
72,PierreBrisson1 Merci monsieur  Vous pouvez compter sur moi pour défendre la culture française et la sécurité des FrançaisJeVoteZemmourLe10avril Presidentielles2022,pierrebrisson1 merc monsieur pouv compt défendr cultur français sécur françaisjevotezemmourle10avril presidentielles2022,1,None
36,Liberté sécurité prospérité identité  cest la France que vous voulez Votez pour elle,libert sécur prosper ident cest franc voul vot,0,None
35,Dimanche dans lisoloir soyez beaux soyez grands soyez fiers soyez à la hauteur de la France ,dimanch lisoloir beau grand fier hauteur franc,1,None
34,Dimanche ne votez pas pour un politicien professionnel Votez pour la France,dimanch vot politicien professionnel vot franc,0,None
33, A minuit cest la loi  mes soutiens et moi ne pourrons plus communiquer officiellement Alors je vous dis à tous merci pour ces derniers mois  Merci infiniment et rendezvous dimanche ,a minuit cest loi soutien pourron plus communiqu officiel alor dis tous merc derni mois merc infin rendezvous dimanch,1,None
73,Il était une fois le TrocadéroRegardez la vidéo sur ma chaîne YouTube  httpstcoFPIvyF04XAJeVoteZemmourLe10avril Presidentielles2022 httpstcoXVR00ptpJU,fois trocadéroregard vidéo chaîn youtub httpstcofpivyf04xajevotezemmourle10avril presidentielles2022 httpstcoxvr00ptpju,0,None
31,Dimanche écrivez une page glorieuse de votre histoire Votez pour lavenir dont la France est le héros,dimanch écriv pag glorieux histoir vot laven dont franc héros,0,None
30,Dans lisoloir il ny a plus de sondages ni de médias ni de censure ni de politiquement correct Il y a vous il y a lespérance et il y a la France Soyez libres soyez insolents soyez courageux  soyez vousmêmes ,lisoloir ny a plus sondag ni médi ni censur ni polit correct a a lesper a franc libr insolent courag vousmêm,0,None
27,A voté  JeVote electionpresidentielle2022  Avote httpstcozsbZKeCRUA,a vot jevot electionpresidentielle2022 avot httpstcozsbzkecru,0,None
26,Je continuerai de défendre la France et nos idées et je suis certain que bientôt nous lemporterons Chacune de vos voix est le cri dun peuple qui ne veut pas mourirMerciZemmourhttpstcos65gthrtAm,continu défendr franc idé certain bientôt lemport chacun voix cri dun peupl veut mourirmercizemmourhttpstcos65gthrtam,0,None
25,Le fait que vous ayez été deux millions à soutenir un homme parti de rien montre que mon message a été entendu Votre voix ne pourra plus jamais être négligée quelle que soit lissue du second tourMerciZemmourhttpstcoXcZFf0ki2F,fait deux million souten homm part rien montr messag a entendu voix pourr plus jam être néglig quel lissu second tourmercizemmourhttpstcoxczff0ki2f,1,None
24,Grâce à vous rien ne sera plus jamais comme avant Gardez la foi Votre vote est un vote davenir un vote despoir  car les vérités que nous avons dites à la France simposeront à tous dans les années qui viennentMerciZemmourhttpstco3QjJAji0VI,grâc rien plus jam comm avant gard foi vot vot daven vot despoir car vérit dit franc simpos tous anné viennentmercizemmourhttpstco3qjjaji0v,1,None
23,Il était de notre devoir de nous lever et je me suis levé Nous avons fait en trois mois ce quaucun politicien na réussi en 15 ans  nous avons bâti le plus grand parti de France À mes côtés une jeunesse sest levéeMerciZemmourhttpstcoF5tqyZ00aY,devoir lev lev fait trois mois quaucun politicien na réuss 15 an bât plus grand part franc côt jeuness sest levéemercizemmourhttpstcof5tqyz00ay,1,None
22,Nous avons gagné dans cette campagne quelque chose qui na pas de prix  la puissance et lexpérience Je ne men tiendrai pas là car RECONQUÊTE nabandonnera rien tant que la France ne sera pas reconquiseMerciZemmourhttpstco87a7scXTbC,gagn cet campagn quelqu chos na prix puissanc lexpérient men tiendr là car reconquêt nabandon rien tant franc reconquisemercizemmourhttpstco87a7scxtbc,0,None
20,Je me suis présenté par sens de la France parce que je la crois en danger et parce que le duel annoncé depuis cinq ans me paraissait mener à léchec de nos idées Je prie aujourdhui le ciel de mêtre trompéMerciZemmourhttpstcoco0jqoVp6S,présent sen franc parc crois dang parc duel annonc depuis cinq an paraiss men léchec idé pri aujourdhui ciel mêtr trompémercizemmourhttpstcoco0jqovp6,0,None
37,Chers Français ce dimanche vous aurez le choix entre le bulletin  Éric Zemmour  et tous les autresPour votre avenir pour vos enfants pour que la France reste la France votez et faites voter Éric Zemmour JeVoteZemmour Presidentielles2022 JeVote AVoté,cher franc dimanch choix entre bulletin éric zemmour tous autrespour aven enfant franc rest franc vot fait vot éric zemmour jevotezemmour presidentielles2022 jevot avot,0,None
19, Merci  est un bien trop petit mot pour exprimer toute ladmiration que je vous porte et toute la reconnaissance que je vous dois Félicitations à tous pour cette magnifique campagne Laventure ne fait que commencer httpstcooOsn6YxnYF,merc bien trop pet mot exprim tout ladmir port tout reconnaiss dois félicit tous cet magnif campagn laventur fait commenc httpstcooosn6yxnyf,1,None
17,Ce nest que le débutRegardez la vidéo de mon discours de Premier tour sur YouTube  httpstcoOd2xntibDmMerciZemmour Presidentielles2022 httpstcoL5uT8S1cvy,nest débutregard vidéo discour premi tour youtub httpstcood2xntibdmmercizemmour presidentielles2022 httpstcol5ut8s1cvy,0,None
16,Merci à Gerald Cohen papa de Jérémie dêtre revenu me voir Je serai toujours là pour vous monsieur httpstconBTb8Z2ZcZ,merc gerald cohen pap jérem dêtr revenu voir toujour là monsieur httpstconbtb8z2zcz,1,None
15,Comptez sur moi LaReconquêteContinue httpstcoZkopRhlEH9,compt lareconquêtecontinu httpstcozkoprhleh9,0,None
14,Que ce dimanche de Pâques soit pour vous tous celui du magnifique retour de lEspérance,dimanch pâqu tous celui magnif retour lesper,1,None
13,Le bureau exécutif de Reconquete2022 au travail httpstcovHX5YjL4f0,bureau exécut reconquete2022 travail httpstcovhx5yjl4f0,0,None
12,Je tends la main au Rassemblement national aux Républicains qui refusent le macronisme et à Debout la France Unissons nos forces dans une grande coalition des droites et de tous les patriotes pour les législatives httpstcogE52pk2h8H,tend main rassembl national républicain refusent macron debout franc unisson forc grand coalit droit tous patriot législ httpstcoge52pk2h8h,1,None
11,Chers amis je vous donne rendezvous à 20h sur ma chaîne YouTube Je réagirai aux résultats du second tour de lélection présidentielleSuivez le direct sur YouTube  httpstcotVE3tOiwAwZemmourDirect presidentielles2022 JeVote httpstcoovhE6D8HYY,cher amis don rendezvous 20h chaîn youtub réag résultat second tour lélect présidentiellesuiv direct youtub httpstcotve3toiwawzemmourdirect presidentielles2022 jevot httpstcoovhe6d8hyy,0,None
10,Je réagirai à 20h30 aux résultats du second tour de lélection présidentielleSuivez mon intervention en direct sur YouTube  httpstcotVE3tOiwAwUnionNationale presidentielles2022 JeVote httpstco5z7BupwkpU,réag 20h30 résultat second tour lélect présidentiellesuiv intervent direct youtub httpstcotve3toiwawunionnational presidentielles2022 jevot httpstco5z7bupwkpu,0,None
9,Suivez ma réaction aux résultats de lélection présidentielle sur Twitter UnionNationale JeVote presidentielles2022 httpstcogTdISkVgon,suiv réaction résultat lélect présidentiel twitt unionnational jevot presidentielles2022 httpstcogtdiskvgon,0,None
8,Je réagis aux résultats du second tour de lélection présidentielleSuivez le direct sur YouTube  httpstcotVE3tOiwAwSur Twitter  httpstcogTdISkVgonSur Facebook  httpstcog36yp3yb4uUnionNationale JeVote presidentielles2022 httpstcowDosQ8C4ff,réag résultat second tour lélect présidentiellesuiv direct youtub httpstcotve3toiwawsur twitt httpstcogtdiskvgonsur facebook httpstcog36yp3yb4uunionnational jevot presidentielles2022 httpstcowdosq8c4ff,0,None
7,Y atil une fatalité pour que les idées nationales perdent toutes les élections NON Je veux dire ce soir quil ny a pas de fatalité Nous avons des raisons despérerUnionNationale presidentielles2022 legislatives2022,atil fatal idé national perdent tout élect non veux dir soir quil ny a fatal raison despérerunionnational presidentielles2022 legislatives2022,0,None
6,Notre parti Reconquête est fort de sa jeunesse cette belle jeunesse militante et si enthousiaste Il est fort de ses 122 000 adhérents et je remercie ceux qui continuent de nous rejoindre chaque jourUnionNationale presidentielles2022 legislatives2022,part reconquêt fort jeuness cet bel jeuness milit si enthousiast fort 122 000 adhérent remerc ceux continuent rejoindr chaqu jourunionnational presidentielles2022 legislatives2022,1,None
4,Le bloc national doit lui aussi sunir et se rassembler Notre responsabilité est immense Jappelle à lUnionNationale en vue des législatives Nous devons oublier nos querelles et unir nos forces Cest possible Cest indispensable Cest notre devoirpresidentielles2022,bloc national doit auss sun rassembl respons immens jappel lunionnational vu législ devon oubli querel unir forc cest possibl cest indispens cest devoirpresidentielles2022,0,None
3,Cela fait trop longtemps que ceux qui aiment passionnément la France sont vaincus Jai fait ce que jai pu pour éviter ce résultat Je me suis engagé pour celaUnionNationale legislatives2022 presidentielles2022httpstcoqbX7KoMJ5B,cel fait trop longtemp ceux aiment passion franc vaincus jai fait jai pu évit résultat engag celaunionnational legislatives2022 presidentielles2022httpstcoqbx7komj5b,0,None
18,Ce matin je me suis réveillé avec une volonté de défendre la France intacte une lucidité plus solide et un désir encore plus grand de vous servir Êtesvous prêts pour la suite de notre belle aventure ,matin réveil volont défendr franc intact lucid plus solid des encor plus grand serv êtesvous prêt suit bel aventur,1,None
38,Je pourrais passer une heure à donner des conseils de lecture aux jeunes Je relis tous les deux ou trois ans les Mémoires doutretombe de Chateaubriand Le style est sublimeJeVoteZemmour Presidentielles2022 JeVotehttpstcoR38lSQ4iMG,pourr pass heur don conseil lectur jeun rel tous deux trois an mémoir doutretomb chateaubriand styl sublimejevotezemmour presidentielles2022 jevotehttpstcor38lsq4img,0,None
32,Dimanche dans lisoloir votez pour votre courage votez pour votre insolence votez pour votre espérance votez pour la France qui vous ressemble,dimanch lisoloir vot courag vot insolent vot esper vot franc ressembl,0,None
40,Les deux grands meetings sont Villepinte et le Trocadéro Dans de plus petits meetings comme celui de Charvieu il y avait une chaleur une ambiance qui en font un beau souvenir JeVoteZemmour Presidentielles2022 JeVotehttpstcozvaZJElVIU,deux grand meeting villepint trocadéro plus petit meeting comm celui charvieu chaleur ambianc font beau souven jevotezemmour presidentielles2022 jevotehttpstcozvazjelviu,1,None
55,Suivez maintenant notre live davant premier tour  Rendezvous sur YouTube  httpstcofJYm7R3kjuZemmourLive JeFaisMentirLesSondages JeVoteZemmourLe10avril MacronDehorsDesLePremierTour httpstcop5akg8jMFq,suiv mainten liv dav premi tour rendezvous youtub httpstcofjym7r3kjuzemmourl jefaismentirlessondag jevotezemmourle10avril macrondehorsdeslepremiertour httpstcop5akg8jmfq,0,None
56,À dimanche dans lisoloir pour continuer décrire lHistoire de France JeFaisMentirLesSondages JeVoteZemmourLe10avril MacronDehorsDesLePremierTour httpstcoKiw1s65pgO,dimanch lisoloir continu décrir lhistoir franc jefaismentirlessondag jevotezemmourle10avril macrondehorsdeslepremiertour httpstcokiw1s65pgo,0,None
39,Le marché de Cannes a été un moment incroyable Il y avait une ferveur et un enthousiasme inouïs Mes rencontres avec Patrick Jardin et Mme Montguillot ont aussi été très émouvantesJeVoteZemmour Presidentielles2022 JeVotehttpstcooGvapoMCX4,march cann a moment incroi ferveur enthousiasm inouï rencontr patrick jardin mme montguillot auss tres émouvantesjevotezemmour presidentielles2022 jevotehttpstcoogvapomcx4,1,None
58,Rendezvous maintenant sur ZemmourLive  httpstcoL1LmN111VAContinuez à poser vos questions sur ZemmourLive JeVoteZemmourLe10avril JeFaisMentirLesSondages httpstco22J841FU8b,rendezvous mainten zemmourl httpstcol1lmn111vacontinu pos question zemmourl jevotezemmourle10avril jefaismentirlessondag httpstco22j841fu8b,1,None
59,Barack Obama étaitil inhumain  Il a renvoyé trois millions détrangers En France les clandestins ne sont quasiment jamais renvoyés ils doivent lêtre JeFaisMentirLesSondages JeVoteZemmourLe10avril presidentielles2022httpstcog2WJpStoBG,barack obam étaitil inhumain a renvoi trois million détranger franc clandestin quas jam renvoi doivent lêtr jefaismentirlessondag jevotezemmourle10avril presidentielles2022httpstcog2wjpstobg,0,None
60,Sur les 275 000 entrées légales en France par an il ny a que 12  des personnes qui viennent pour travailler Le taux dinactivité des étrangers extraeuropéens et de 55 JeFaisMentirLesSondages JeVoteZemmourLe10avrilhttpstcoaoY31325zr,275 000 entré légal franc an ny a 12 person viennent travaill taux dinact étranger extraeuropéen 55 jefaismentirlessondag jevotezemmourle10avrilhttpstcoaoy31325zr,0,None
62,Nous ferons pression avec la suppression des aides au développement des visas de tourisme la saisie des biens de ces dirigeants en France pour quils récupèrent leurs ressortissantsJeFaisMentirLesSondagesJeVoteZemmourLe10avrilhttpstcoKU5Vhx2ap5,feron pression suppress aid développ vis tourism sais bien dirig franc quil récup leur ressortissantsjefaismentirlessondagesjevotezemmourle10avrilhttpstcoku5vhx2ap5,0,None
64,Rendezvous dans quelques minutes pour le début de ZemmourLive  httpstcoL1LmN111VAContinuez à poser vos questions sur ZemmourLive  httpstcog9X1EQWjMw,rendezvous quelqu minut début zemmourl httpstcol1lmn111vacontinu pos question zemmourl httpstcog9x1eqwjmw,0,None
65,En 2021 le RN devait gagner entre 3 et 5 régions il nen a gagné aucune Les sondages ne sont plus à la hauteur 40  se décident le jour même Je suis le vote vital pour la FranceJeFaisMentirLesSondagesJeVoteZemmourLe10avrilhttpstco4Aidv3HJLd,2021 rn dev gagn entre 3 5 région nen a gagn aucun sondag plus hauteur 40 décident jour vot vital francejefaismentirlessondagesjevotezemmourle10avrilhttpstco4aidv3hjld,0,None
66,Au second tour au RN comme chez LR des personnalités appelleront à voter pour moi alors que personne ne le ferait pour Mme Le PenJeFaisMentirLesSondages JeVoteZemmourLe10avril presidentielles2022httpstcoEC3wPNO9Sa,second tour rn comm chez lr personnal appel vot alor person fer mme penjefaismentirlessondag jevotezemmourle10avril presidentielles2022httpstcoec3wpno9s,0,None
67,Il ny a quune histoire la vôtre Regardez la vidéo sur YouTube  httpstcou9Q92llfWOJeVoteZemmourLe10avril Presidentielles2022 httpstcoc3SKzZSsET,ny a quun histoir vôtr regard vidéo youtub httpstcou9q92llfwojevotezemmourle10avril presidentielles2022 httpstcoc3skzzsset,0,None
68,La menace terroriste plane toujours audessus de la France Bravo aux policiers pour leur réactivité et leur dévouement quotidien pour protéger les Français Ils sont notre dernier rempart Je les aiderai Toulouse httpstcoZLMMPQfCVv,menac terror plan toujour audessus franc bravo polici réactiv dévou quotidien proteg franc derni rempart aid toulous httpstcozlmmpqfcvv,1,None
69,Nous allons tout donner à la France car rien ni personne ne nous empêchera décrire le destin de notre pays rien ni personne ne nous volera cette élection  Dimanche vous ferez mentir les médias et les sondages JeVoteZemmourLe10avril JeFaisMentirLesSondages httpstcoxYYwDW4zrx,allon tout don franc car rien ni person empêch décrir destin pay rien ni person vol cet élect dimanch fer ment médi sondag jevotezemmourle10avril jefaismentirlessondag httpstcoxyywdw4zrx,0,None
70,decadence74 De nombreux musulmans veulent sassimiler à la France je leur tends la main ils sont nos frères Ils peuvent faire leur la culture française sils le souhaitent comme je lai fait moimêmeJeVoteZemmourLe10avril Presidentielles2022,decadence74 nombreux musulman veulent sassimil franc tend main frer peuvent fair cultur français sil souhaitent comm lai fait moimêmejevotezemmourle10avril presidentielles2022,0,None
71,Reconquête  premier parti de France  JeVoteZemmourLe10avril Presidentielles2022 httpstcoRh4myz0TaC,reconquêt premi part franc jevotezemmourle10avril presidentielles2022 httpstcorh4myz0tac,0,None
54,Dimanche grâce à vous nous ferons mentir les médias et les sondages  Dimanche nous nous rapprocherons de la victoire JeVoteZemmourLe10avril JeFaisMentirLesSondages MacronDehorsDesLePremierTour httpstcoapdqvVjFdB,dimanch grâc feron ment médi sondag dimanch rapproch victoir jevotezemmourle10avril jefaismentirlessondag macrondehorsdeslepremiertour httpstcoapdqvvjfdb,1,None
53,Rejoignez maintenant le ZemmourLive sur Facebook  httpstcogUAPfTFhdx Posezmoi vos questions avec ZemmourLive JeVoteZemmourLe10avril MacronNousPrendPourDesCons JeFaisMentirLesSondages httpstco6KLqef010c,rejoign mainten zemmourl facebook httpstcoguapftfhdx posezmoi question zemmourl jevotezemmourle10avril macronnousprendpourdescon jefaismentirlessondag httpstco6klqef010c,0,None
57,Dimanche nous lancerons ensemble la dynamique de la victoire  JeVoteZemmourLe10avril JeFaisMentirLesSondages httpstcor4M5MUjzhz,dimanch lanc ensembl dynam victoir jevotezemmourle10avril jefaismentirlessondag httpstcor4m5mujzhz,0,None
156,Je faciliterai les donations et les successionsJeVoteZemmourDimanche httpstcozwdfwxYP7c,facilit donat successionsjevotezemmourdimanch httpstcozwdfwxyp7c,0,None
41,Tout a changé dans ma vie  Dans une campagne présidentielle il y a une intensité quil ny a nulle part ailleurs Le rythme est effréné Tout est différent JeVoteZemmour Presidentielles2022 JeVotehttpstcoSPo7jdsg69,tout a chang vi campagn présidentiel a intens quil ny a null part ailleur rythm effren tout différent jevotezemmour presidentielles2022 jevotehttpstcospo7jdsg69,0,None
51,Dans moins de 10mn retrouvezmoi en direct sur YouTube  httpstcoL1LmN111VA Posezmoi vos questions sur ZemmourLiveJeVoteZemmour JeVote Presidentielles2022 httpstcoXycIkySdxX,moin 10mn retrouvezmoi direct youtub httpstcol1lmn111v posezmoi question zemmourlivejevotezemmour jevot presidentielles2022 httpstcoxycikysdxx,0,None
50,Suivezmoi sur Facebook également  httpstcotQLeJwiFHxZemmourLive JeVoteZemmour Presidentielles2022,suivezmoi facebook égal httpstcotqlejwifhxzemmourl jevotezemmour presidentielles2022,0,None
49,Suivezmoi en live maintenant sur YouTube  httpstcoZkWsIw1vugSur Facebook  httpstcotQLeJwiFHxJeVoteZemmour Presidentielles2022 JeVote httpstcoBgcQkAyWn8,suivezmoi liv mainten youtub httpstcozkwsiw1vugsur facebook httpstcotqlejwifhxjevotezemmour presidentielles2022 jevot httpstcobgcqkaywn8,0,None
42,Le sport a longtemps eu une place importante dans ma vie Enfant jai beaucoup joué au foot Aujourdhui encore il mest indispensable davoir une activité physique pour rester en formeJeVoteZemmour Presidentielles2022 JeVotehttpstcofXxTOlRjrv,sport a longtemp plac import vi enfant jai beaucoup jou foot aujourdhui encor mest indispens davoir activ physiqu rest formejevotezemmour presidentielles2022 jevotehttpstcofxxtolrjrv,1,None
43,Elle vous et moi Regardez la vidéo sur ma chaîne YouTube  httpstco8Lo7PFTvJBJeVoteZemmour Presidentielles2022 JeVote httpstcoLmG5mfqaBv,regard vidéo chaîn youtub httpstco8lo7pftvjbjevotezemmour presidentielles2022 jevot httpstcolmg5mfqabv,0,None
44,Jai découvert les joies du travail en équipe en travaillant avec des militants très intelligents dévoués volontaires et enjoués Il y a dans cette campagne une ambiance extraordinaireJeVoteZemmour Presidentielles2022 JeVotehttpstco91OKSWawBz,jai découvert joi travail équip travaill milit tres intelligent dévou volontair enjou a cet campagn ambianc extraordinairejevotezemmour presidentielles2022 jevotehttpstco91okswawbz,1,None
46,Je tiens à dire à nos amis des outremer que je pense à eux Je sais quils sont patriotes et quils souffrent euxmêmes énormément des problèmes dimmigration Leur vote vital cest le mienJeVoteZemmour Presidentielles2022 JeVotehttpstco6yCypPG3LD,tien dir amis outrem pens sais quil patriot quil souffrent euxmêm énorm problem dimmigr vot vital cest mienjevotezemmour presidentielles2022 jevotehttpstco6ycyppg3ld,0,None
48,En 2050 la France aura une population majoritairement africaine et islamique Si on veut cela il faut voter pour tous les autres candidats Si on ne le veut pas il faut voter pour moiJeVoteZemmour Presidentielles2022 JeVotehttpstcobJMMF81YKe,2050 franc popul majoritair africain islam si veut cel faut vot tous autr candidat si veut faut vot moijevotezemmour presidentielles2022 jevotehttpstcobjmmf81yk,0,None
52,Je vous rejoins dans quelques minutes sur ZemmourLive  Posezmoi vos questions Regardez sur YouTube  httpstcofJYm7R3kjuSur Facebook  httpstcomMKUUetXseJeVoteZemmourLe10avril JeFaisMentirLesSondages httpstcoW9GA9s7sTO,rejoin quelqu minut zemmourl posezmoi question regard youtub httpstcofjym7r3kjusur facebook httpstcommkuuetxsejevotezemmourle10avril jefaismentirlessondag httpstcow9ga9s7sto,0,None
141,Contrairement à Marine Le Pen je ne dis pas que le Grand remplacement nexiste pas alors que 67  des Français le craignent Quand on nose pas les mots cest quon a renoncé à faireJeVoteZemmourLe10avril JeremyCohenhttpstcoYHlpAIQNvo,contrair marin pen dis grand remplac nexist alor 67 franc craignent quand nos mot cest quon a renonc fairejevotezemmourle10avril jeremycohenhttpstcoyhlpaiqnvo,0,le pen
125,Marine Le Pen croit à la droite et la gauche uniquement quand il sagit de sallier à la gauche Elle déteste la droite parce quelle rêve de plaire à la presse de gaucheJeVoteZemmourLe10avril ZemmourLand httpstcoFxGufig78F,marin pen croit droit gauch uniqu quand sag salli gauch détest droit parc quel rêv plair press gauchejevotezemmourle10avril zemmourland httpstcofxgufig78f,0,le pen
139,Même si je navais pas été candidat Marine Le Pen comptait faire cette campagne de dédiabolisation Mais si elle se qualifiait au second tour elle serait aussitôt rediaboliséeJeVoteZemmourLe10avril JeremyCohenhttpstcoI0eQNt7EOM,si nav candidat marin pen compt fair cet campagn dédiabolis si qualifi second tour aussitôt rediaboliséejevotezemmourle10avril jeremycohenhttpstcoi0eqnt7eom,0,le pen
61,Mme le Pen ne veut pas réconcilier nos électorats Elle en appelle davantage à la gauche quà la droite et ça ne marchera pasJeFaisMentirLesSondages JeVoteZemmourLe10avril presidentielles2022httpstcotREDJrgd9Y,mme pen veut réconcili électorat appel davantag gauch quà droit ça march pasjefaismentirlessondag jevotezemmourle10avril presidentielles2022httpstcotredjrgd9y,0,le pen
21,Je suis déterminé à poursuivre le combat et je ne me tromperai pas dadversaire Cest la raison pour laquelle jappelle à voter pour Marine Le Pen Il y a quelquechose de beaucoup plus grand que nous  la FranceMerciZemmourhttpstcomsx5Q8adgn,détermin poursuivr combat tromp dadversair cest raison laquel jappel vot marin pen a quelquechos beaucoup plus grand francemercizemmourhttpstcomsx5q8adgn,0,le pen
28,Dans une dizaine de jours si vous le voulez je serai face à Macron pour lui dire toute la vérité les yeux dans les yeux pendant le plus grand débat de second tour de lhistoire de la Vème République,dizain jour si voul fac macron dir tout vérit yeux yeux pend plus grand débat second tour lhistoir vem républ,1,macron
120,Macron facilite le vote des détenus et leur verse une indemnité de 100 Je serai du côté des surveillants  transformation de la pénitentiaire en véritable police revalorisation des carrières nouveaux pouvoirs port darme taser et équipement de protection,macron facilit vot détenus vers indemn 100 côt surveil transform pénitentiair vérit polic revaloris carri nouveau pouvoir port darm tas équip protect,1,macron
135,Emmanuel Macron trahit la France quand il livre ladministration à McKinsey et il trahit la France quand il vend Alstom et les turbines Arabelle à General Electric Ce sont beaucoup de trahisonsJeVoteZemmourLe10avril JeremyCohenhttpstcovCEkDDVLB8,emmanuel macron trah franc quand livr ladministr mckinsey trah franc quand vend alstom turbin arabel general electric beaucoup trahisonsjevotezemmourle10avril jeremycohenhttpstcovcekddvlb8,0,macron
5,Reconquête sera à la pointe du combat pour lutter contre lœuvre de déconstruction de notre pays menée par Macron Nous combattrons pour nos idées dans chaque ville et dans chaque village de France sur internet et dans les médiasUnionNationale presidentielles2022,reconquêt point combat lutt contr lœuvr déconstruct pay men macron combattron idé chaqu vill chaqu villag franc internet médiasunionnational presidentielles2022,1,macron
121,Jusquoù ira Emmanuel Macron pour voler cette élection JeVoteZemmourLe10avril ZemmourLand httpstco6kuT7eAE2H,jusquoù ira emmanuel macron vol cet élect jevotezemmourle10avril zemmourland httpstco6kut7eae2h,0,macron
152,Il y a une jeunesse qui sengage cest pour elle quon se bat Chez Macron il ny a quasiment que des gens âgés Chez nous il y a des jeunes des grandsparents des parentsMacronDehorsDesLePremierTour presidentielles2022httpstcoifFWc7OVrB,a jeuness sengag cest quon bat chez macron ny a quas gen âgé chez a jeun grandsparent parentsmacrondehorsdeslepremiertour presidentielles2022httpstcoiffwc7ovrb,0,macron
2,Nous serons à la pointe du combat pour lutter contre lœuvre de déconstruction de notre pays menée par E Macron Mais il ne peut y avoir de victoire électorale sans alliance entre toutes les droitesUnionNationale presidentielles2022httpstcoyB0uWYeUUN,point combat lutt contr lœuvr déconstruct pay men e macron peut avoir victoir électoral san allianc entre tout droitesunionnational presidentielles2022httpstcoyb0uwyeuun,1,macron
1,Jappelle à lunion nationale aux législatives pour que les élus de Reconquête du RN de DLF et ceux de LR qui ne veulent pas se rallier à E Macron aient une chance de peserUnionNationale legislatives2022 presidentielles2022httpstco95wbZfY5PG,jappel lunion national législ élus reconquêt rn dlf ceux lr veulent ralli e macron chanc peserunionnational legislatives2022 presidentielles2022httpstco95wbzfy5pg,0,macron
134,Être Français cest sapproprier la culture lart de vivre les paysages lhistoire la langue JeanLuc Mélenchon veut détruire la France Sa créolisation cest le Grand remplacement glorifié JeVoteZemmourLe10avril JeremyCohenhttpstco1xlWLLHIZt,être franc cest sappropri cultur lart vivr paysag lhistoir langu jeanluc mélenchon veut détruir franc créolis cest grand remplac glorifi jevotezemmourle10avril jeremycohenhttpstco1xlwllhizt,1,mélenchon
63,Sans sondages que diraiton  Il y a deux dynamiques celle de Mélenchon et la mienne avec mes 120 000 adhérents et mes meetings vus par des millions de Français JeFaisMentirLesSondages JeVoteZemmourLe10avril presidentielles2022httpstcoHW4GdPPqUP,san sondag diraiton a deux dynam cel mélenchon mien 120 000 adhérent meeting vus million franc jefaismentirlessondag jevotezemmourle10avril presidentielles2022httpstcohw4gdppqup,0,mélenchon
47,Je serai au second tour grâce à vousTout se jouera à quelques milliers de voix  à vous de convaincre 10 personnes Dimanche votez Éric Zemmour pour la France  JeVoteZemmour Presidentielles2022 JeVote httpstcobPYbdJOpNH,second tour grâc voustout jou quelqu milli voix convaincr 10 person dimanch vot éric zemmour franc jevotezemmour presidentielles2022 jevot httpstcobpybdjopnh,0,zemmour
45,Si vous voulez que la France reste la France votez Éric Zemmour  JeVoteZemmour Presidentielles2022 JeVotehttpstcovAgeQ7iKqw,si voul franc rest franc vot éric zemmour jevotezemmour presidentielles2022 jevotehttpstcovageq7ikqw,0,zemmour
29,Juste un dernier message avant dimanche  je vous aime Éric Zemmour httpstco0uVd4NPlPA,just derni messag avant dimanch aim éric zemmour httpstco0uvd4nplp,1,zemmour
